Item,Count,Shelf
"Foam rollers (lot 1)",1,Shelf 1
"Resistance bands, light (lot 1)",8,Shelf 2
"Resistance bands, medium (lot 1)",15,Shelf 3
"Theraband loops (lot 1)",22,Shelf 4
"Pinch gauges (lot 1)",29,Shelf 5
"Hot packs (lot 1)",36,Shelf 6
"Cold packs (lot 1)",3,Shelf 1
"Ultrasound gel (lot 1)",10,Shelf 2
"Kinesiology tape (lot 1)",17,Shelf 3
"Exercise balls (lot 1)",24,Shelf 4
"Foam rollers (lot 2)",31,Shelf 5
"Resistance bands, light (lot 2)",38,Shelf 6
"Resistance bands, medium (lot 2)",5,Shelf 1
"Theraband loops (lot 2)",12,Shelf 2
"Pinch gauges (lot 2)",19,Shelf 3
"Hot packs (lot 2)",26,Shelf 4
"Cold packs (lot 2)",33,Shelf 5
"Ultrasound gel (lot 2)",40,Shelf 6
"Kinesiology tape (lot 2)",7,Shelf 1
"Exercise balls (lot 2)",14,Shelf 2
"Foam rollers (lot 3)",21,Shelf 3
"Resistance bands, light (lot 3)",28,Shelf 4
"Resistance bands, medium (lot 3)",35,Shelf 5
"Theraband loops (lot 3)",2,Shelf 6
"Pinch gauges (lot 3)",9,Shelf 1
"Hot packs (lot 3)",16,Shelf 2
"Cold packs (lot 3)",23,Shelf 3
"Ultrasound gel (lot 3)",30,Shelf 4
"Kinesiology tape (lot 3)",37,Shelf 5
"Exercise balls (lot 3)",4,Shelf 6
"Foam rollers (lot 4)",11,Shelf 1
"Resistance bands, light (lot 4)",18,Shelf 2
"Resistance bands, medium (lot 4)",25,Shelf 3
"Theraband loops (lot 4)",32,Shelf 4
"Pinch gauges (lot 4)",39,Shelf 5
"Hot packs (lot 4)",6,Shelf 6
"Cold packs (lot 4)",13,Shelf 1
"Ultrasound gel (lot 4)",20,Shelf 2
"Kinesiology tape (lot 4)",27,Shelf 3
"Exercise balls (lot 4)",34,Shelf 4
"Foam rollers (lot 5)",1,Shelf 5
"Resistance bands, light (lot 5)",8,Shelf 6
"Resistance bands, medium (lot 5)",15,Shelf 1
"Theraband loops (lot 5)",22,Shelf 2
"Pinch gauges (lot 5)",29,Shelf 3
"Hot packs (lot 5)",36,Shelf 4
"Cold packs (lot 5)",3,Shelf 5
"Ultrasound gel (lot 5)",10,Shelf 6
"Kinesiology tape (lot 5)",17,Shelf 1
"Exercise balls (lot 5)",24,Shelf 2
"Foam rollers (lot 6)",31,Shelf 3
"Resistance bands, light (lot 6)",38,Shelf 4
"Resistance bands, medium (lot 6)",5,Shelf 5
"Theraband loops (lot 6)",12,Shelf 6
"Pinch gauges (lot 6)",19,Shelf 1
"Hot packs (lot 6)",26,Shelf 2
"Cold packs (lot 6)",33,Shelf 3
"Ultrasound gel (lot 6)",40,Shelf 4
"Kinesiology tape (lot 6)",7,Shelf 5
"Exercise balls (lot 6)",14,Shelf 6
"Foam rollers (lot 7)",21,Shelf 1
"Resistance bands, light (lot 7)",28,Shelf 2
"Resistance bands, medium (lot 7)",35,Shelf 3
"Theraband loops (lot 7)",2,Shelf 4
"Pinch gauges (lot 7)",9,Shelf 5
"Hot packs (lot 7)",16,Shelf 6
"Cold packs (lot 7)",23,Shelf 1
"Ultrasound gel (lot 7)",30,Shelf 2
"Kinesiology tape (lot 7)",37,Shelf 3
"Exercise balls (lot 7)",4,Shelf 4
"Foam rollers (lot 8)",11,Shelf 5
"Resistance bands, light (lot 8)",18,Shelf 6
"Resistance bands, medium (lot 8)",25,Shelf 1
"Theraband loops (lot 8)",32,Shelf 2
"Pinch gauges (lot 8)",39,Shelf 3
"Hot packs (lot 8)",6,Shelf 4
"Cold packs (lot 8)",13,Shelf 5
"Ultrasound gel (lot 8)",20,Shelf 6
"Kinesiology tape (lot 8)",27,Shelf 1
"Exercise balls (lot 8)",34,Shelf 2
"Foam rollers (lot 9)",1,Shelf 3
"Resistance bands, light (lot 9)",8,Shelf 4
"Resistance bands, medium (lot 9)",15,Shelf 5
"Theraband loops (lot 9)",22,Shelf 6
"Pinch gauges (lot 9)",29,Shelf 1
"Hot packs (lot 9)",36,Shelf 2
"Cold packs (lot 9)",3,Shelf 3
"Ultrasound gel (lot 9)",10,Shelf 4
"Kinesiology tape (lot 9)",17,Shelf 5
"Exercise balls (lot 9)",24,Shelf 6
"Foam rollers (lot 10)",31,Shelf 1
"Resistance bands, light (lot 10)",38,Shelf 2
"Resistance bands, medium (lot 10)",5,Shelf 3
"Theraband loops (lot 10)",12,Shelf 4
"Pinch gauges (lot 10)",19,Shelf 5
"Hot packs (lot 10)",26,Shelf 6
"Cold packs (lot 10)",33,Shelf 1
"Ultrasound gel (lot 10)",40,Shelf 2
"Kinesiology tape (lot 10)",7,Shelf 3
"Exercise balls (lot 10)",14,Shelf 4
"Foam rollers (lot 11)",21,Shelf 5
"Resistance bands, light (lot 11)",28,Shelf 6
"Resistance bands, medium (lot 11)",35,Shelf 1
"Theraband loops (lot 11)",2,Shelf 2
"Pinch gauges (lot 11)",9,Shelf 3
"Hot packs (lot 11)",16,Shelf 4
"Cold packs (lot 11)",23,Shelf 5
"Ultrasound gel (lot 11)",30,Shelf 6
"Kinesiology tape (lot 11)",37,Shelf 1
"Exercise balls (lot 11)",4,Shelf 2
"Foam rollers (lot 12)",11,Shelf 3
"Resistance bands, light (lot 12)",18,Shelf 4
"Resistance bands, medium (lot 12)",25,Shelf 5
"Theraband loops (lot 12)",32,Shelf 6
"Pinch gauges (lot 12)",39,Shelf 1
"Hot packs (lot 12)",6,Shelf 2
"Cold packs (lot 12)",13,Shelf 3
"Ultrasound gel (lot 12)",20,Shelf 4
"Kinesiology tape (lot 12)",27,Shelf 5
"Exercise balls (lot 12)",34,Shelf 6
