extend.wbx_demo	is_deleted	matrx-extend	src/lib/demos/cloud-sync.ts
extend.wbx_demo	is_deleted	matrx-extend	src/lib/guidance/cloud-sync.ts
extend.wbx_demo	is_deleted	matrx-extend	src/lib/supabase/queries.ts
extend.wbx_demo	is_deleted	matrx-extend	tests/unit/demo-cloud-sync.test.ts
extend.wbx_guidance	is_deleted	matrx-extend	src/lib/guidance/cloud-sync.ts
extend.wbx_guidance	is_deleted	matrx-extend	src/lib/supabase/queries.ts
extend.wbx_highlight	is_deleted	matrx-extend	src/lib/highlights/queries.ts
extend.wbx_highlight	is_deleted	matrx-extend	src/lib/highlights/types.ts
extend.wbx_highlight	is_deleted	matrx-extend	src/lib/supabase/queries.ts
canvas.canvas_items	is_public	matrx-frontend	features/canvas/services/canvasArtifactService.ts
canvas.canvas_items	is_public	matrx-frontend	features/canvas/services/canvasItemsService.ts
canvas.canvas_items	is_public	matrx-frontend	lib/security/public-exposure.ts
canvas.canvas_items	is_public	matrx-frontend	../aidream/apps/shared/chat/src/host/db-types.ts
canvas.canvas_items	is_public	matrx-frontend	scripts/check-impl-doors.ts
canvas.canvas_items	is_public	matrx-frontend	utils/permissions/registry.ts
iam.permissions	is_public	matrx-frontend	app/(core)/workbooks/[id]/page.tsx
iam.permissions	is_public	matrx-frontend	features/data-tables/document-service.ts
iam.permissions	is_public	matrx-frontend	features/data-tables/workbook-service.ts
iam.permissions	is_public	matrx-frontend	features/files/redux/converters.ts
iam.permissions	is_public	matrx-frontend	features/files/types.ts
iam.permissions	is_public	matrx-frontend	features/marketing/components/access/SiteAccessWorkspace.tsx
iam.permissions	is_public	matrx-frontend	features/sharing/__tests__/no-lane-row-is-the-organization-default.test.tsx
iam.permissions	is_public	matrx-frontend	features/sharing/__tests__/who-can-see-this.test.tsx
iam.permissions	is_public	matrx-frontend	features/sharing/components/AccessSummaryPanel.tsx
iam.permissions	is_public	matrx-frontend	features/sharing/components/ShareButton.tsx
iam.permissions	is_public	matrx-frontend	features/sharing/format.ts
iam.permissions	is_public	matrx-frontend	features/surfaces/manifests/documents.manifest.ts
iam.permissions	is_public	matrx-frontend	features/surfaces/manifests/education-creator.manifest.ts
iam.permissions	is_public	matrx-frontend	features/surfaces/manifests/share.manifest.ts
iam.permissions	is_public	matrx-frontend	features/surfaces/manifests/workbooks.manifest.ts
iam.permissions	is_public	matrx-frontend	features/tasks/services/taskService.ts
iam.permissions	is_public	matrx-frontend	features/window-panels/windows/ShareModalWindow.tsx
iam.permissions	is_public	matrx-frontend	lib/security/public-exposure.ts
iam.permissions	is_public	matrx-frontend	../aidream/apps/shared/chat/src/host/db-types.ts
iam.permissions	is_public	matrx-frontend	../aidream/apps/shared/chat/src/tool-call-visualization/renderers/get-user-lists/UserListsOverlay.tsx
iam.permissions	is_public	matrx-frontend	scripts/check-one-person-share-writer.ts
iam.permissions	is_public	matrx-frontend	scripts/cutover-census/integrations.ts
iam.permissions	is_public	matrx-frontend	scripts/db-table-refs.mjs
iam.permissions	is_public	matrx-frontend	utils/permissions/__tests__/service.visibility.test.ts
iam.permissions	is_public	matrx-frontend	utils/permissions/hooks.ts
iam.permissions	is_public	matrx-frontend	utils/permissions/registry.ts
iam.permissions	is_public	matrx-frontend	utils/permissions/service.ts
iam.permissions	is_public	aidream	apps/shared/matrx-agents/generated/api-types.ts
iam.permissions	is_public	aidream	packages/matrx-files/matrx_files/db/models_iam.py
iam.permissions	is_public	aidream	packages/matrx-rag/matrx_rag/sources.py
iam.permissions	is_public	aidream	packages/matrx-records/matrx_records/movers/attributes.py
iam.permissions	is_public	matrx-local	desktop/src/types/python-generated/api-types.ts
legal.wc_claim	is_public	matrx-frontend	utils/permissions/registry.ts
legal.wc_claim	is_public	aidream	aidream/api/routers/legal_wc_ratings.py
legal.wc_claim	is_public	aidream	apps/shared/matrx-agents/generated/api-types.ts
legal.wc_claim	is_public	aidream	knowledgebase/experts/ama_expert/pd_ratings/registered_functions.py
legal.wc_claim	is_public	matrx-local	desktop/src/types/python-generated/api-types.ts
scraper.scrape_domain	is_public	aidream	packages/matrx-scraper/matrx_scraper/db/models_scraper.py
scraper.scrape_parsed_page	is_public	aidream	apps/shared/matrx-agents/generated/api-types.ts
scraper.scrape_parsed_page	is_public	aidream	packages/matrx-rag/matrx_rag/search.py
scraper.scrape_parsed_page	is_public	aidream	packages/matrx-rag/matrx_rag/sources.py
scraper.scrape_parsed_page	is_public	aidream	packages/matrx-scraper/matrx_scraper/db/models_scraper.py
scraper.scrape_parsed_page	is_public	aidream	tests/test_source_convergence_certified.py
scraper.scrape_parsed_page	is_public	matrx-local	desktop/src/types/python-generated/api-types.ts
scraper.scrape_path_pattern	is_public	aidream	packages/matrx-scraper/matrx_scraper/db/models_scraper.py
workbench.udt_documents	is_public	matrx-frontend	features/data-tables/document-service.ts
workbench.udt_documents	is_public	matrx-frontend	features/data-tables/types.ts
workbench.udt_documents	is_public	matrx-frontend	features/surfaces/manifests/documents.manifest.ts
workbench.udt_documents	is_public	matrx-frontend	../aidream/apps/shared/chat/src/host/db-types.ts
workbench.udt_documents	is_public	matrx-frontend	scripts/cutover-census/integrations.ts
workbench.udt_documents	is_public	matrx-frontend	utils/permissions/registry.ts
workbench.udt_documents	is_public	aidream	aidream/services/agent_data/registry.py
workbench.udt_documents	is_public	aidream	packages/matrx-ai/tests/fixtures/oversized_tool_results/data.txt
workbench.udt_workbooks	is_public	matrx-frontend	features/data-tables/types.ts
workbench.udt_workbooks	is_public	matrx-frontend	features/data-tables/workbook-service.ts
workbench.udt_workbooks	is_public	matrx-frontend	features/surfaces/manifests/workbooks.manifest.ts
workbench.udt_workbooks	is_public	matrx-frontend	../aidream/apps/shared/chat/src/host/db-types.ts
workbench.udt_workbooks	is_public	matrx-frontend	scripts/cutover-census/integrations.ts
workbench.udt_workbooks	is_public	matrx-frontend	utils/permissions/registry.ts
workbench.udt_workbooks	is_public	aidream	aidream/services/agent_data/registry.py
workbench.udt_workbooks	is_public	aidream	packages/matrx-ai/tests/fixtures/oversized_tool_results/data.txt
custom.whole_value_parked	owner_id	aidream	packages/matrx-records/matrx_records/big_values.py
custom.whole_value_parked	owner_id	aidream	packages/matrx-records/tests/test_a_text_of_any_size_simply_saves.py
custom.whole_value_parked	owner_id	aidream	packages/matrx-records/tests/test_a_value_too_big_for_one_cell_moves_as_a_file.py
dictionary.dict_provider_publication	owner_id	matrx-frontend	../aidream/apps/shared/chat/src/host/db-types.ts
dictionary.dict_provider_publication	owner_id	aidream	aidream/api/routers/dictionary.py
dictionary.dict_provider_publication	owner_id	aidream	aidream/services/dictionary/sync_engine.py
dictionary.dict_provider_publication	owner_id	aidream	apps/shared/records/src/store.generated.ts
dictionary.dict_provider_publication	owner_id	aidream	db/helpers/auto_config_dictionary.py
dictionary.dict_provider_publication	owner_id	aidream	db/managers/dictionary/dict_provider_publication.py
docproc.page_extraction_jobs	owner_id	matrx-frontend	utils/permissions/registry.ts
docproc.page_extraction_jobs	owner_id	aidream	aidream/services/distillation/tests/test_extraction_job_writer_states_created_by.py
docproc.page_extraction_jobs	owner_id	aidream	apps/shared/matrx-agents/generated/api-types.ts
docproc.page_extraction_jobs	owner_id	aidream	db/helpers/auto_config_docproc.py
docproc.page_extraction_jobs	owner_id	aidream	db/managers/docproc/page_extraction_jobs.py
docproc.page_extraction_jobs	owner_id	aidream	db/managers/docproc/processed_documents.py
docproc.page_extraction_jobs	owner_id	aidream	packages/matrx-rag/matrx_rag/db/models_docproc.py
docproc.page_extraction_jobs	owner_id	aidream	packages/matrx-rag/matrx_rag/extraction_indexing.py
docproc.page_extraction_jobs	owner_id	aidream	tests/test_source_convergence_certified.py
docproc.page_extraction_jobs	owner_id	matrx-local	desktop/src/types/python-generated/api-types.ts
docproc.processed_documents	owner_id	matrx-frontend	features/acquisition-console/__tests__/blocked-row-sql.test.ts
docproc.processed_documents	owner_id	matrx-frontend	features/files/types.ts
docproc.processed_documents	owner_id	matrx-frontend	features/marketing/voice/service.ts
docproc.processed_documents	owner_id	matrx-frontend	lib/integrity/checks.ts
docproc.processed_documents	owner_id	matrx-frontend	lib/progress/__tests__/sql-is-never-a-sentence.test.ts
docproc.processed_documents	owner_id	matrx-frontend	lib/progress/failureSentence.ts
docproc.processed_documents	owner_id	matrx-frontend	lib/security/public-exposure.ts
docproc.processed_documents	owner_id	matrx-frontend	scripts/check-archived-items-law.ts
docproc.processed_documents	owner_id	matrx-frontend	utils/permissions/registry.ts
docproc.processed_documents	owner_id	aidream	aidream/api/app.py
docproc.processed_documents	owner_id	aidream	aidream/api/routers/dedup_strict.py
docproc.processed_documents	owner_id	aidream	aidream/api/routers/document.py
docproc.processed_documents	owner_id	aidream	aidream/api/routers/pdf_processing.py
docproc.processed_documents	owner_id	aidream	aidream/api/tests/test_dedup_service.py
docproc.processed_documents	owner_id	aidream	aidream/api/tests/test_extraction_indexing.py
docproc.processed_documents	owner_id	aidream	aidream/api/tests/test_persistence_dedup.py
docproc.processed_documents	owner_id	aidream	aidream/package_integration.py
docproc.processed_documents	owner_id	aidream	aidream/services/auto_ingest/router.py
docproc.processed_documents	owner_id	aidream	aidream/services/content_processing/landing.py
docproc.processed_documents	owner_id	aidream	aidream/services/content_processing/models.py
docproc.processed_documents	owner_id	aidream	aidream/services/content_processing/orchestrator.py
docproc.processed_documents	owner_id	aidream	aidream/services/content_processing/sources/base.py
docproc.processed_documents	owner_id	aidream	aidream/services/content_processing/sources/ebook.py
docproc.processed_documents	owner_id	aidream	aidream/services/content_processing/sources/office.py
docproc.processed_documents	owner_id	aidream	aidream/services/content_processing/sources/pdf.py
docproc.processed_documents	owner_id	aidream	aidream/services/content_processing/sources/row.py
docproc.processed_documents	owner_id	aidream	aidream/services/content_processing/sources/text.py
docproc.processed_documents	owner_id	aidream	aidream/services/documents/cleaning.py
docproc.processed_documents	owner_id	aidream	aidream/services/documents/dedup_service.py
docproc.processed_documents	owner_id	aidream	aidream/services/documents/pdf_pipeline.py
docproc.processed_documents	owner_id	aidream	aidream/services/documents/persistence.py
docproc.processed_documents	owner_id	aidream	aidream/services/documents/tests/test_processed_documents_writer_states_created_by.py
docproc.processed_documents	owner_id	aidream	aidream/services/rag/admin_queries.py
docproc.processed_documents	owner_id	aidream	apps/dashboard/src/features/documents-explorer/overview-tab.tsx
docproc.processed_documents	owner_id	aidream	apps/dashboard/src/features/documents-explorer/types.ts
docproc.processed_documents	owner_id	aidream	apps/shared/matrx-agents/generated/api-types.ts
docproc.processed_documents	owner_id	aidream	db/helpers/auto_config_docproc.py
docproc.processed_documents	owner_id	aidream	db/managers/docproc/page_extraction_jobs.py
docproc.processed_documents	owner_id	aidream	db/managers/docproc/processed_documents.py
docproc.processed_documents	owner_id	aidream	packages/matrx-connect/matrx_connect/context/data_types.py
docproc.processed_documents	owner_id	aidream	packages/matrx-files/matrx_files/db/helpers/auto_config_files.py
docproc.processed_documents	owner_id	aidream	packages/matrx-rag/matrx_rag/_ext.py
docproc.processed_documents	owner_id	aidream	packages/matrx-rag/matrx_rag/db/helpers/auto_config_rag.py
docproc.processed_documents	owner_id	aidream	packages/matrx-rag/matrx_rag/db/models_docproc.py
docproc.processed_documents	owner_id	aidream	packages/matrx-rag/matrx_rag/extraction_indexing.py
docproc.processed_documents	owner_id	aidream	packages/matrx-rag/matrx_rag/pdf_pipeline.py
docproc.processed_documents	owner_id	aidream	packages/matrx-rag/matrx_rag/processed_doc_lookup.py
docproc.processed_documents	owner_id	aidream	packages/matrx-rag/matrx_rag/stages.py
docproc.processed_documents	owner_id	aidream	packages/matrx-scraper/tests/test_driver_text_is_never_the_block_sentence.py
docproc.processed_documents	owner_id	aidream	packages/matrx-utils/matrx_utils/person_sentence.py
docproc.processed_documents	owner_id	aidream	packages/matrx-utils/tests/test_person_sentence.py
docproc.processed_documents	owner_id	aidream	scripts/consolidate_cld_files_dupes.py
docproc.processed_documents	owner_id	aidream	scripts/ingest_acoem_library.py
docproc.processed_documents	owner_id	aidream	scripts/reconcile_orphan_objects.py
docproc.processed_documents	owner_id	aidream	tests/test_file_family_access_is_join_guarded.py
docproc.processed_documents	owner_id	aidream	tests/test_members_edit_internal_sources.py
docproc.processed_documents	owner_id	aidream	tests/test_one_door.py
docproc.processed_documents	owner_id	aidream	tests/test_source_convergence_certified.py
docproc.processed_documents	owner_id	matrx-local	desktop/src/types/python-generated/api-types.ts
education.deck_suggestion	owner_id	matrx-frontend	features/education/library/actions.ts
education.deck_suggestion	owner_id	matrx-frontend	features/education/library/queries.ts
education.deck_suggestion	owner_id	matrx-frontend	features/surfaces/manifests/education-library-suggestions.manifest.ts
education.deck_suggestion	owner_id	matrx-frontend	../aidream/apps/shared/chat/src/host/db-types.ts
education.deck_suggestion	owner_id	aidream	apps/shared/records/src/store.generated.ts
education.deck_suggestion	owner_id	aidream	db/helpers/auto_config_education.py
education.study_source_chunk	owner_id	matrx-frontend	../aidream/apps/shared/chat/src/host/db-types.ts
education.study_source_chunk	owner_id	aidream	apps/shared/records/src/store.generated.ts
education.study_source_chunk	owner_id	aidream	db/helpers/auto_config_education.py
education.study_source_chunk	owner_id	aidream	db/managers/education/study_source_chunk.py
education.study_source_chunk	owner_id	aidream	db/managers/education/study_structured_section.py
education.study_structured_section	owner_id	matrx-frontend	../aidream/apps/shared/chat/src/host/db-types.ts
education.study_structured_section	owner_id	aidream	apps/shared/records/src/store.generated.ts
education.study_structured_section	owner_id	aidream	db/helpers/auto_config_education.py
education.study_structured_section	owner_id	aidream	db/managers/education/study_source_chunk.py
education.study_structured_section	owner_id	aidream	db/managers/education/study_structured_section.py
files.analysis	owner_id	matrx-frontend	features/content-ir/kinds/generated/kinds.generated.ts
files.analysis	owner_id	matrx-frontend	features/file-analysis/redact/escrow.ts
files.analysis	owner_id	matrx-frontend	lib/security/public-exposure.ts
files.analysis	owner_id	matrx-frontend	utils/permissions/registry.ts
files.analysis	owner_id	aidream	aidream/api/app.py
files.analysis	owner_id	aidream	aidream/api/routers/file_analysis.py
files.analysis	owner_id	aidream	aidream/api/routers/file_annotations.py
files.analysis	owner_id	aidream	aidream/api/routers/pdf_processing.py
files.analysis	owner_id	aidream	aidream/db/fx_managers.py
files.analysis	owner_id	aidream	aidream/graph_actions/files/io.py
files.analysis	owner_id	aidream	aidream/services/auto_ingest/router.py
files.analysis	owner_id	aidream	aidream/services/documents/persistence.py
files.analysis	owner_id	aidream	aidream/services/file_analysis/persistence_impl.py
files.analysis	owner_id	aidream	aidream/services/file_analysis/pipeline.py
files.analysis	owner_id	aidream	aidream/services/file_annotations/service.py
files.analysis	owner_id	aidream	aidream/services/file_pages/service.py
files.analysis	owner_id	aidream	aidream/services/files/file_ops.py
files.analysis	owner_id	aidream	aidream/services/meet/recording_landing.py
files.analysis	owner_id	aidream	apps/shared/matrx-agents/generated/api-types.ts
files.analysis	owner_id	aidream	packages/matrx-connect/matrx_connect/context/data_types.py
files.analysis	owner_id	aidream	packages/matrx-files/matrx_files/analysis/dispatcher.py
files.analysis	owner_id	aidream	packages/matrx-files/matrx_files/analysis/persistence.py
files.analysis	owner_id	aidream	packages/matrx-files/matrx_files/analysis/protocol.py
files.analysis	owner_id	aidream	packages/matrx-files/matrx_files/cloud_sync/processing/thumbnails.py
files.analysis	owner_id	aidream	packages/matrx-files/matrx_files/db/helpers/auto_config_files.py
files.analysis	owner_id	aidream	packages/matrx-files/matrx_files/db/managers/files/analysis.py
files.analysis	owner_id	aidream	packages/matrx-files/matrx_files/db/models_files.py
files.analysis	owner_id	aidream	packages/matrx-files/matrx_files/office_pdf.py
files.analysis	owner_id	aidream	packages/matrx-files/matrx_files/service.py
files.analysis	owner_id	aidream	packages/matrx-files/matrx_files/upload_policy.py
files.analysis	owner_id	aidream	packages/matrx-files/tests/test_file_analysis_pipeline.py
files.analysis	owner_id	aidream	packages/matrx-files/tests/test_ocr_detector_announces_binary_missing.py
files.analysis	owner_id	aidream	packages/matrx-files/tests/test_ocr_detector_is_bounded.py
files.analysis	owner_id	aidream	packages/matrx-rag/matrx_rag/image_pipeline.py
files.analysis	owner_id	aidream	packages/matrx-rag/matrx_rag/ingestion.py
files.analysis	owner_id	aidream	packages/matrx-scraper/matrx_scraper/api/scrape_router.py
files.analysis	owner_id	aidream	packages/matrx-scraper/matrx_scraper/web_crawl/persistence.py
files.analysis	owner_id	aidream	scripts/evals/cleanup_worker_bakeoff/results/answers.jsonl
files.analysis	owner_id	matrx-local	desktop/src/types/python-generated/api-types.ts
files.entities	owner_id	matrx-frontend	features/content-ir/kinds/generated/kinds.generated.ts
files.entities	owner_id	matrx-frontend	../aidream/apps/shared/chat/src/host/db-types.ts
files.entities	owner_id	matrx-frontend	scripts/check-archived-items-law.ts
files.entities	owner_id	matrx-frontend	utils/permissions/registry.ts
files.entities	owner_id	aidream	aidream/api/app.py
files.entities	owner_id	aidream	aidream/api/routers/file_entities.py
files.entities	owner_id	aidream	aidream/db/fx_managers.py
files.entities	owner_id	aidream	aidream/db/kg_managers.py
files.entities	owner_id	aidream	aidream/package_integration.py
files.entities	owner_id	aidream	aidream/services/auto_ingest/heavy_hitters.py
files.entities	owner_id	aidream	aidream/services/auto_ingest/router.py
files.entities	owner_id	aidream	aidream/services/content_processing/landing.py
files.entities	owner_id	aidream	aidream/services/content_processing/models.py
files.entities	owner_id	aidream	aidream/services/content_processing/orchestrator.py
files.entities	owner_id	aidream	aidream/services/content_processing/sources/base.py
files.entities	owner_id	aidream	aidream/services/content_processing/sources/row.py
files.entities	owner_id	aidream	aidream/services/data_lifecycle/planner.py
files.entities	owner_id	aidream	aidream/services/data_lifecycle/sweep.py
files.entities	owner_id	aidream	aidream/services/data_lifecycle/test_sweep_custody_run.py
files.entities	owner_id	aidream	aidream/services/file_entities/service.py
files.entities	owner_id	aidream	aidream/services/knowledge/search.py
files.entities	owner_id	aidream	aidream/services/knowledge/tests/test_search_service.py
files.entities	owner_id	aidream	aidream/services/rag/library_streams.py
files.entities	owner_id	aidream	aidream/services/rag/search_lab_service.py
files.entities	owner_id	aidream	apps/shared/matrx-agents/generated/api-types.ts
files.entities	owner_id	aidream	packages/matrx-ai/matrx_ai/providers/unified_client.py
files.entities	owner_id	aidream	packages/matrx-files/matrx_files/cloud_sync/models.py
files.entities	owner_id	aidream	packages/matrx-files/matrx_files/db/helpers/auto_config_files.py
files.entities	owner_id	aidream	packages/matrx-files/matrx_files/db/managers/files/entities.py
files.entities	owner_id	aidream	packages/matrx-files/matrx_files/db/managers/files/page_annotations.py
files.entities	owner_id	aidream	packages/matrx-files/matrx_files/db/models_files.py
files.entities	owner_id	aidream	packages/matrx-orm/matrx_orm/associations.py
files.entities	owner_id	aidream	packages/matrx-orm/tests/level1/test_relational_backfill.py
files.entities	owner_id	aidream	packages/matrx-rag/matrx_rag/ingestion.py
files.entities	owner_id	aidream	packages/matrx-rag/matrx_rag/library.py
files.entities	owner_id	aidream	scripts/backfill_kg.py
files.entities	owner_id	aidream	scripts/evals/cleanup_worker_bakeoff/results/answers.jsonl
files.entities	owner_id	matrx-local	desktop/src/types/python-generated/api-types.ts
files.idempotency	owner_id	matrx-frontend	features/files/upload/cloudUpload.ts
files.idempotency	owner_id	aidream	aidream/api/routers/files/__init__.py
files.idempotency	owner_id	aidream	aidream/api/tests/test_extraction_indexing.py
files.idempotency	owner_id	aidream	aidream/api/tests/test_heavy_hitters.py
files.idempotency	owner_id	aidream	aidream/api/tests/test_media_router.py
files.idempotency	owner_id	aidream	aidream/services/agent_data/registry.py
files.idempotency	owner_id	aidream	aidream/services/assets/service.py
files.idempotency	owner_id	aidream	aidream/services/assets/variants.py
files.idempotency	owner_id	aidream	aidream/services/auto_ingest/router.py
files.idempotency	owner_id	aidream	aidream/services/cms_assets/service.py
files.idempotency	owner_id	aidream	aidream/services/google_integrations/task_create.py
files.idempotency	owner_id	aidream	aidream/services/meet/tests/test_recording_landing.py
files.idempotency	owner_id	aidream	aidream/services/storage_sources/service.py
files.idempotency	owner_id	aidream	apps/shared/matrx-agents/generated/api-types.ts
files.idempotency	owner_id	aidream	apps/shared/records/src/store.generated.ts
files.idempotency	owner_id	aidream	packages/matrx-files/matrx_files/api/router_files.py
files.idempotency	owner_id	aidream	packages/matrx-files/matrx_files/api/router_tus.py
files.idempotency	owner_id	aidream	packages/matrx-files/matrx_files/cloud_sync/db.py
files.idempotency	owner_id	aidream	packages/matrx-files/matrx_files/cloud_sync/idempotency.py
files.idempotency	owner_id	aidream	packages/matrx-files/matrx_files/cloud_sync/media_ref.py
files.idempotency	owner_id	aidream	packages/matrx-files/matrx_files/cloud_sync/processing/thumbnails.py
files.idempotency	owner_id	aidream	packages/matrx-files/matrx_files/cloud_sync/transports/tus.py
files.idempotency	owner_id	aidream	packages/matrx-files/matrx_files/db/helpers/auto_config_files.py
files.idempotency	owner_id	aidream	packages/matrx-files/matrx_files/db/managers/files/idempotency.py
files.idempotency	owner_id	aidream	packages/matrx-files/matrx_files/db/models_files.py
files.idempotency	owner_id	aidream	packages/matrx-files/matrx_files/service.py
files.idempotency	owner_id	aidream	packages/matrx-files/tests/test_idempotent_replay.py
files.idempotency	owner_id	aidream	packages/matrx-files/tests/test_upload_preconditions.py
files.idempotency	owner_id	aidream	packages/matrx-files/tests/test_variants.py
files.idempotency	owner_id	aidream	scripts/backfill_kg.py
files.idempotency	owner_id	aidream	scripts/evals/cleanup_worker_bakeoff/results/answers.jsonl
files.idempotency	owner_id	aidream	tests/test_host_write_preconditions.py
files.idempotency	owner_id	matrx-local	desktop/src/types/python-generated/api-types.ts
files.overrides	owner_id	matrx-frontend	features/acquisition-console/__tests__/blocked-row-sql.test.ts
files.overrides	owner_id	matrx-frontend	features/admin/relationships/components/SharePolicyColumnEditor.tsx
files.overrides	owner_id	matrx-frontend	features/dictionary/types.ts
files.overrides	owner_id	matrx-frontend	features/files/redux/thunks.ts
files.overrides	owner_id	matrx-frontend	features/files/types.ts
files.overrides	owner_id	matrx-frontend	features/google-workspace/import/storageSourceImport.test.ts
files.overrides	owner_id	matrx-frontend	../aidream/apps/shared/chat/src/host/db-types.ts
files.overrides	owner_id	matrx-frontend	utils/permissions/registry.ts
files.overrides	owner_id	aidream	aidream/api/app.py
files.overrides	owner_id	aidream	aidream/api/routers/file_pages.py
files.overrides	owner_id	aidream	aidream/api/routers/pdf_processing.py
files.overrides	owner_id	aidream	aidream/api/tests/test_files_rag_endpoints.py
files.overrides	owner_id	aidream	aidream/api/workflow_worker.py
files.overrides	owner_id	aidream	aidream/db/fx_managers.py
files.overrides	owner_id	aidream	aidream/services/content_processing/models.py
files.overrides	owner_id	aidream	aidream/services/conversation_context/tests/test_conversation_browse.py
files.overrides	owner_id	aidream	aidream/services/file_annotations/tests/test_list_access.py
files.overrides	owner_id	aidream	aidream/services/file_pages/service.py
files.overrides	owner_id	aidream	aidream/services/rag/admin_queries.py
files.overrides	owner_id	aidream	aidream/services/seo/test_service.py
files.overrides	owner_id	aidream	apps/shared/matrx-agents/generated/api-types.ts
files.overrides	owner_id	aidream	apps/shared/records-ui/src/who-is-told-includes-another-system.test.tsx
files.overrides	owner_id	aidream	packages/matrx-ai/matrx_ai/config/ai-api-types.ts
files.overrides	owner_id	aidream	packages/matrx-ai/matrx_ai/persistence/replay.py
files.overrides	owner_id	aidream	packages/matrx-files/matrx_files/api/router_tus.py
files.overrides	owner_id	aidream	packages/matrx-files/matrx_files/cloud_sync/media_ref.py
files.overrides	owner_id	aidream	packages/matrx-files/matrx_files/db/helpers/auto_config_files.py
files.overrides	owner_id	aidream	packages/matrx-files/matrx_files/db/managers/files/overrides.py
files.overrides	owner_id	aidream	packages/matrx-files/matrx_files/db/managers/files/pages.py
files.overrides	owner_id	aidream	packages/matrx-files/matrx_files/db/models_files.py
files.overrides	owner_id	aidream	packages/matrx-files/tests/test_access_checker_injection.py
files.overrides	owner_id	aidream	packages/matrx-files/tests/test_dedup.py
files.overrides	owner_id	aidream	packages/matrx-files/tests/test_hard_delete_purge.py
files.overrides	owner_id	aidream	packages/matrx-files/tests/test_managed_write_dedup.py
files.overrides	owner_id	aidream	packages/matrx-files/tests/test_variants.py
files.overrides	owner_id	aidream	packages/matrx-rag/matrx_rag/ingestion.py
files.overrides	owner_id	aidream	scripts/evals/cleanup_worker_bakeoff/results/answers.jsonl
files.overrides	owner_id	aidream	scripts/seed_settings_translation_c3.py
files.overrides	owner_id	matrx-local	app/services/local_db/schema.py
files.overrides	owner_id	matrx-local	desktop/src/types/python-generated/api-types.ts
files.page_annotations	owner_id	matrx-frontend	utils/permissions/registry.ts
files.page_annotations	owner_id	aidream	aidream/db/fx_managers.py
files.page_annotations	owner_id	aidream	aidream/services/file_annotations/service.py
files.page_annotations	owner_id	aidream	packages/matrx-files/matrx_files/db/helpers/auto_config_files.py
files.page_annotations	owner_id	aidream	packages/matrx-files/matrx_files/db/managers/files/entities.py
files.page_annotations	owner_id	aidream	packages/matrx-files/matrx_files/db/managers/files/page_annotations.py
files.page_annotations	owner_id	aidream	packages/matrx-files/matrx_files/db/managers/files/pages.py
files.page_annotations	owner_id	aidream	packages/matrx-files/matrx_files/db/models_files.py
files.pages	owner_id	matrx-frontend	features/content-ir/kinds/generated/kinds.generated.ts
files.pages	owner_id	matrx-frontend	features/education/library/__tests__/surfaces.test.ts
files.pages	owner_id	matrx-frontend	features/education/library/queries.ts
files.pages	owner_id	matrx-frontend	features/files/redux/thunks.ts
files.pages	owner_id	matrx-frontend	features/surfaces/manifests/documents.manifest.ts
files.pages	owner_id	matrx-frontend	features/trash/__tests__/trash-list-org-mode.test.tsx
files.pages	owner_id	matrx-frontend	features/trash/components/TrashList.tsx
files.pages	owner_id	matrx-frontend	../aidream/apps/shared/chat/src/agents/redux/agent-definition/thunks.ts
files.pages	owner_id	matrx-frontend	utils/permissions/registry.ts
files.pages	owner_id	aidream	aidream/api/app.py
files.pages	owner_id	aidream	aidream/api/routers/document.py
files.pages	owner_id	aidream	aidream/api/routers/file_analysis.py
files.pages	owner_id	aidream	aidream/api/routers/file_entities.py
files.pages	owner_id	aidream	aidream/api/routers/file_pages.py
files.pages	owner_id	aidream	aidream/api/routers/files/__init__.py
files.pages	owner_id	aidream	aidream/api/routers/pdf_processing.py
files.pages	owner_id	aidream	aidream/api/tests/test_dedup_service.py
files.pages	owner_id	aidream	aidream/api/tests/test_extraction_indexing.py
files.pages	owner_id	aidream	aidream/api/tests/test_persistence_dedup.py
files.pages	owner_id	aidream	aidream/db/fx_managers.py
files.pages	owner_id	aidream	aidream/db/tests/test_admin_lane.py
files.pages	owner_id	aidream	aidream/package_integration.py
files.pages	owner_id	aidream	aidream/services/auto_ingest/router.py
files.pages	owner_id	aidream	aidream/services/cms_assets/service.py
files.pages	owner_id	aidream	aidream/services/communications/inbound_attachments.py
files.pages	owner_id	aidream	aidream/services/content_processing/landing.py
files.pages	owner_id	aidream	aidream/services/content_processing/models.py
files.pages	owner_id	aidream	aidream/services/content_processing/orchestrator.py
files.pages	owner_id	aidream	aidream/services/content_processing/sources/base.py
files.pages	owner_id	aidream	aidream/services/content_processing/sources/pdf.py
files.pages	owner_id	aidream	aidream/services/content_processing/sources/row.py
files.pages	owner_id	aidream	aidream/services/content_processing/sources/text.py
files.pages	owner_id	aidream	aidream/services/content_processing/tests/test_original_bytes_knob.py
files.pages	owner_id	aidream	aidream/services/content_processing/tests/test_row_source_adapter.py
files.pages	owner_id	aidream	aidream/services/conversation_context/tests/test_source_set_resolves_live.py
files.pages	owner_id	aidream	aidream/services/distillation/tests/test_a_pile_of_files_finishes_and_a_refusal_reaches_the_person.py
files.pages	owner_id	aidream	aidream/services/distillation/tests/test_coherence.py
files.pages	owner_id	aidream	aidream/services/distillation/tests/test_extraction_job_writer_states_created_by.py
files.pages	owner_id	aidream	aidream/services/documents/cleaning.py
files.pages	owner_id	aidream	aidream/services/documents/pdf_pipeline.py
files.pages	owner_id	aidream	aidream/services/documents/persistence.py
files.pages	owner_id	aidream	aidream/services/documents/tests/test_processed_documents_writer_states_created_by.py
files.pages	owner_id	aidream	aidream/services/endpoint_family_sweep/orchestrator.py
files.pages	owner_id	aidream	aidream/services/file_analysis/persistence_impl.py
files.pages	owner_id	aidream	aidream/services/file_annotations/service.py
files.pages	owner_id	aidream	aidream/services/file_entities/service.py
files.pages	owner_id	aidream	aidream/services/file_pages/service.py
files.pages	owner_id	aidream	aidream/services/google_sync/tests/test_drive_browse.py
files.pages	owner_id	aidream	aidream/services/google_sync/tests/test_selected_calendar.py
files.pages	owner_id	aidream	aidream/services/knowledge/search.py
files.pages	owner_id	aidream	aidream/services/knowledge/tests/test_search_service.py
files.pages	owner_id	aidream	aidream/services/press_clip/service.py
files.pages	owner_id	aidream	aidream/services/press_clip/tests/test_render_clip_live.py
files.pages	owner_id	aidream	aidream/services/rag/search_lab_service.py
files.pages	owner_id	aidream	aidream/services/rag_batch/page_clean.py
files.pages	owner_id	aidream	aidream/services/references/tests/test_compound.py
files.pages	owner_id	aidream	aidream/services/web_announce/announce.py
files.pages	owner_id	aidream	aidream/services/workflow_access.py
files.pages	owner_id	aidream	apps/dashboard/src/features/documents-explorer/overview-tab.tsx
files.pages	owner_id	aidream	apps/dashboard/src/features/documents-explorer/types.ts
files.pages	owner_id	aidream	apps/shared/matrx-agents/generated/api-types.ts
files.pages	owner_id	aidream	apps/shared/matrx-agents/generated/stream-events.ts
files.pages	owner_id	aidream	db/helpers/auto_config_pdf.py
files.pages	owner_id	aidream	db/tests/test_knowledge_search_projection.py
files.pages	owner_id	aidream	packages/matrx-ai/matrx_ai/providers/unified_client.py
files.pages	owner_id	aidream	packages/matrx-connect/matrx_connect/context/data_types.py
files.pages	owner_id	aidream	packages/matrx-files/matrx_files/analysis/context.py
files.pages	owner_id	aidream	packages/matrx-files/matrx_files/analysis/dispatcher.py
files.pages	owner_id	aidream	packages/matrx-files/matrx_files/analysis/persistence.py
files.pages	owner_id	aidream	packages/matrx-files/matrx_files/analysis/protocol.py
files.pages	owner_id	aidream	packages/matrx-files/matrx_files/api/router_files.py
files.pages	owner_id	aidream	packages/matrx-files/matrx_files/cloud_sync/db.py
files.pages	owner_id	aidream	packages/matrx-files/matrx_files/cloud_sync/models.py
files.pages	owner_id	aidream	packages/matrx-files/matrx_files/cloud_sync/sync_engine.py
files.pages	owner_id	aidream	packages/matrx-files/matrx_files/db/helpers/auto_config_files.py
files.pages	owner_id	aidream	packages/matrx-files/matrx_files/db/managers/files/overrides.py
files.pages	owner_id	aidream	packages/matrx-files/matrx_files/db/managers/files/page_annotations.py
files.pages	owner_id	aidream	packages/matrx-files/matrx_files/db/managers/files/pages.py
files.pages	owner_id	aidream	packages/matrx-files/matrx_files/db/models_files.py
files.pages	owner_id	aidream	packages/matrx-files/matrx_files/office_pdf.py
files.pages	owner_id	aidream	packages/matrx-files/matrx_files/pdf_pages.py
files.pages	owner_id	aidream	packages/matrx-files/matrx_files/service.py
files.pages	owner_id	aidream	packages/matrx-files/tests/test_a_file_carried_for_an_organization_lands_in_its_folder.py
files.pages	owner_id	aidream	packages/matrx-files/tests/test_a_machines_file_is_never_offered_as_the_persons.py
files.pages	owner_id	aidream	packages/matrx-files/tests/test_file_analysis_pipeline.py
files.pages	owner_id	aidream	packages/matrx-files/tests/test_file_record_wire_contract.py
files.pages	owner_id	aidream	packages/matrx-files/tests/test_ocr_detector_is_bounded.py
files.pages	owner_id	aidream	packages/matrx-rag/matrx_rag/_ext.py
files.pages	owner_id	aidream	packages/matrx-rag/matrx_rag/extraction_indexing.py
files.pages	owner_id	aidream	packages/matrx-rag/matrx_rag/library.py
files.pages	owner_id	aidream	packages/matrx-rag/matrx_rag/pdf_pipeline.py
files.pages	owner_id	aidream	packages/matrx-rag/matrx_rag/stages.py
files.pages	owner_id	aidream	packages/matrx-rag/tests/test_chunks_keep_the_documents_source_kind.py
files.pages	owner_id	aidream	packages/matrx-scraper/matrx_scraper/api/scrape_router.py
files.pages	owner_id	aidream	packages/matrx-scraper/matrx_scraper/web_crawl/persistence.py
files.pages	owner_id	aidream	scripts/evals/cleanup_worker_bakeoff/results/answers.jsonl
files.pages	owner_id	aidream	scripts/migrate_legacy_sources.py
files.pages	owner_id	aidream	scripts/reconcile_orphan_objects.py
files.pages	owner_id	aidream	tests/test_one_door.py
files.pages	owner_id	aidream	tests_trials/cld_files/recover_one_file.py
files.pages	owner_id	matrx-local	app/services/local_db/schema.py
files.pages	owner_id	matrx-local	desktop/src/types/python-generated/api-types.ts
files.pages	owner_id	matrx-local	desktop/src/types/python-generated/stream-events.ts
files.pages	owner_id	matrx-extend	types/python-generated/stream-events.ts
files.uploads_inflight	owner_id	aidream	apps/shared/records/src/store.generated.ts
files.uploads_inflight	owner_id	aidream	packages/matrx-files/matrx_files/cloud_sync/db.py
files.uploads_inflight	owner_id	aidream	packages/matrx-files/matrx_files/cloud_sync/transports/tus.py
files.uploads_inflight	owner_id	aidream	packages/matrx-files/matrx_files/cloud_sync/transports/tus_cleanup.py
files.uploads_inflight	owner_id	aidream	packages/matrx-files/matrx_files/db/helpers/auto_config_files.py
files.uploads_inflight	owner_id	aidream	packages/matrx-files/matrx_files/db/managers/files/uploads_inflight.py
files.uploads_inflight	owner_id	aidream	packages/matrx-files/matrx_files/db/models_files.py
files.uploads_inflight	owner_id	aidream	packages/matrx-files/tests/_tus_harness.py
files.uploads_inflight	owner_id	aidream	scripts/reconcile_orphan_objects.py
files.webhooks	owner_id	matrx-frontend	features/files/webhooks/service.ts
files.webhooks	owner_id	matrx-frontend	features/files/webhooks/types.ts
files.webhooks	owner_id	matrx-frontend	lib/security/public-exposure.ts
files.webhooks	owner_id	aidream	aidream/api/app.py
files.webhooks	owner_id	aidream	aidream/services/runtime/store_triggers.py
files.webhooks	owner_id	aidream	apps/shared/matrx-agents/generated/api-types.ts
files.webhooks	owner_id	aidream	apps/shared/records-ui/src/who-is-told-includes-another-system.test.tsx
files.webhooks	owner_id	aidream	apps/shared/records/src/grid.ts
files.webhooks	owner_id	aidream	apps/shared/records/src/store.generated.ts
files.webhooks	owner_id	aidream	packages/matrx-files/matrx_files/cloud_sync/db.py
files.webhooks	owner_id	aidream	packages/matrx-files/matrx_files/db/helpers/auto_config_files.py
files.webhooks	owner_id	aidream	packages/matrx-files/matrx_files/db/managers/files/webhooks.py
files.webhooks	owner_id	aidream	packages/matrx-files/matrx_files/db/models_files.py
files.webhooks	owner_id	aidream	packages/matrx-files/matrx_files/service.py
files.webhooks	owner_id	aidream	scripts/check_test_accounts_never_text_a_real_person.py
files.webhooks	owner_id	matrx-local	desktop/src/types/python-generated/api-types.ts
pdf.pdf_redaction_key_escrow	owner_id	matrx-frontend	features/file-analysis/redact/escrow.ts
pdf.pdf_redaction_key_escrow	owner_id	matrx-frontend	lib/security/public-exposure.ts
pdf.pdf_redaction_key_escrow	owner_id	aidream	aidream/api/routers/file_analysis.py
pdf.pdf_redaction_key_escrow	owner_id	aidream	aidream/services/file_analysis/redaction_escrow.py
pdf.pdf_redaction_key_escrow	owner_id	aidream	apps/shared/matrx-agents/generated/api-types.ts
pdf.pdf_redaction_key_escrow	owner_id	aidream	apps/shared/records/src/store.generated.ts
pdf.pdf_redaction_key_escrow	owner_id	aidream	db/helpers/auto_config_pdf.py
pdf.pdf_redaction_key_escrow	owner_id	aidream	db/managers/pdf/pdf_redaction_key_escrow.py
pdf.pdf_redaction_key_escrow	owner_id	matrx-local	desktop/src/types/python-generated/api-types.ts
platform.lifecycle_archive	owner_id	matrx-frontend	../aidream/apps/shared/chat/src/host/db-types.ts
platform.lifecycle_archive	owner_id	aidream	apps/shared/records/src/store.generated.ts
platform.lifecycle_audit	owner_id	matrx-frontend	../aidream/apps/shared/chat/src/host/db-types.ts
platform.lifecycle_audit	owner_id	aidream	apps/shared/records/src/store.generated.ts
platform.search_item	owner_id	matrx-frontend	../aidream/apps/shared/chat/src/host/db-types.ts
platform.search_item	owner_id	aidream	aidream/services/knowledge/projection.py
platform.search_item	owner_id	aidream	apps/shared/records/src/store.generated.ts
platform.search_item	owner_id	aidream	db/generate_search_projection.py
platform.search_item	owner_id	aidream	db/tests/test_knowledge_search_projection.py
rag.embeddings_google_gemini_2_1536	owner_id	aidream	apps/shared/records/src/store.generated.ts
rag.embeddings_google_gemini_2_1536	owner_id	aidream	packages/matrx-rag/matrx_rag/db/helpers/auto_config_rag.py
rag.embeddings_google_gemini_2_1536	owner_id	aidream	packages/matrx-rag/matrx_rag/db/models_rag.py
rag.embeddings_oai_3_small_1536	owner_id	aidream	apps/shared/records/src/store.generated.ts
rag.embeddings_oai_3_small_1536	owner_id	aidream	packages/matrx-rag/matrx_rag/db/helpers/auto_config_rag.py
rag.embeddings_oai_3_small_1536	owner_id	aidream	packages/matrx-rag/matrx_rag/db/managers/rag/embeddings_oai_3_small_1536.py
rag.embeddings_oai_3_small_1536	owner_id	aidream	packages/matrx-rag/matrx_rag/db/models_rag.py
rag.embeddings_oai_3_small_1536	owner_id	aidream	packages/matrx-rag/matrx_rag/stages.py
rag.embeddings_oai_3_small_1536	owner_id	aidream	packages/matrx-rag/tests/test_chunk_reuse.py
rag.embeddings_oai_3_small_1536	owner_id	aidream	packages/matrx-rag/tests/test_durable_embedding_writes.py
rag.embeddings_oai_3_small_1536	owner_id	aidream	packages/matrx-rag/tests/test_ext_seams.py
rag.embeddings_oai_3_small_1536	owner_id	aidream	scripts/ingest_acoem_library.py
rag.embeddings_voyage_4_large_1024	owner_id	aidream	apps/shared/records/src/store.generated.ts
rag.embeddings_voyage_4_large_1024	owner_id	aidream	packages/matrx-rag/matrx_rag/db/helpers/auto_config_rag.py
rag.embeddings_voyage_4_large_1024	owner_id	aidream	packages/matrx-rag/matrx_rag/db/models_rag.py
rag.embeddings_voyage_4_large_1024	owner_id	aidream	scripts/backfill_voyage4_embeddings.py
rag.embeddings_voyage_code_3_1024	owner_id	aidream	apps/shared/records/src/store.generated.ts
rag.embeddings_voyage_code_3_1024	owner_id	aidream	packages/matrx-rag/matrx_rag/db/helpers/auto_config_rag.py
rag.embeddings_voyage_code_3_1024	owner_id	aidream	packages/matrx-rag/matrx_rag/db/managers/rag/embeddings_voyage_code_3_1024.py
rag.embeddings_voyage_code_3_1024	owner_id	aidream	packages/matrx-rag/matrx_rag/db/models_rag.py
rag.embeddings_voyage_code_3_1024	owner_id	aidream	packages/matrx-rag/tests/test_ext_seams.py
scraper.scrape_parsed_page	owner_id	aidream	aidream/services/content_processing/landing.py
scraper.scrape_parsed_page	owner_id	aidream	aidream/services/content_processing/tests/landing_fakes.py
scraper.scrape_parsed_page	owner_id	aidream	aidream/services/content_processing/tests/test_original_bytes_knob.py
scraper.scrape_parsed_page	owner_id	aidream	apps/shared/matrx-agents/generated/api-types.ts
scraper.scrape_parsed_page	owner_id	aidream	apps/shared/records/src/store.generated.ts
scraper.scrape_parsed_page	owner_id	aidream	packages/matrx-files/tests/test_a_machines_file_is_never_offered_as_the_persons.py
scraper.scrape_parsed_page	owner_id	aidream	packages/matrx-rag/matrx_rag/sources.py
scraper.scrape_parsed_page	owner_id	aidream	packages/matrx-rag/tests/test_chunks_keep_the_documents_source_kind.py
scraper.scrape_parsed_page	owner_id	aidream	packages/matrx-scraper/matrx_scraper/api/scrape_router.py
scraper.scrape_parsed_page	owner_id	aidream	packages/matrx-scraper/matrx_scraper/db/models_scraper.py
scraper.scrape_parsed_page	owner_id	aidream	tests/test_source_convergence_certified.py
scraper.scrape_parsed_page	owner_id	matrx-local	desktop/src/types/python-generated/api-types.ts
